Profiller,Sequence generation,Brute,Simple brute,DP,Total time
1.1400000000000001e-05,0.0005227,4.28e-05,3.25e-05,0.0001105,0.0023733
