Profiller,Sequence generation,Brute,DP,Total time
1.6000000000000003e-05,0.0006428,1.875975573,0.000746,1.879061274
