Profiller,Sequence generation,DP,Total time
1.1499999999999998e-05,0.0012296,4.106490614,4.109317414
