Profiller,Sequence generation,DP,Total time
6.600000000000001e-06,0.0005751,0.001562,0.003736401
