Profiller,Sequence generation,Brute,Simple brute,DP,Total time
2.3899999999999998e-05,0.0009869,0.123233104,2.660937878,0.0011448,2.790964582
